[
  {
    "id": "b499a770-b4df-4777-8664-7b855a316847",
    "data": [
      {
        "text": "a credit score of ",
        "userDefined": false
      },
      {
        "text": "44",
        "alias": "p_creditscore",
        "meta": "@sys.number",
        "userDefined": false
      },
      {
        "text": " and a risk score of ",
        "userDefined": false
      },
      {
        "text": "98",
        "alias": "p_riskscore",
        "meta": "@sys.number",
        "userDefined": false
      }
    ],
    "isTemplate": false,
    "count": 0,
    "updated": 0
  },
  {
    "id": "8c457bb5-401a-4963-87e5-40dfad8a4ec4",
    "data": [
      {
        "text": "a credit score of ",
        "userDefined": false
      },
      {
        "text": "55",
        "alias": "p_creditscore",
        "meta": "@sys.number",
        "userDefined": false
      }
    ],
    "isTemplate": false,
    "count": 0,
    "updated": 0
  },
  {
    "id": "fde7ce60-8981-428f-8c2c-f45780482de1",
    "data": [
      {
        "text": "the credit score is ",
        "userDefined": false
      },
      {
        "text": "50",
        "alias": "p_creditscore",
        "meta": "@sys.number",
        "userDefined": false
      },
      {
        "text": " and the risk score is ",
        "userDefined": false
      },
      {
        "text": "34",
        "alias": "p_riskscore",
        "meta": "@sys.number",
        "userDefined": false
      }
    ],
    "isTemplate": false,
    "count": 0,
    "updated": 0
  },
  {
    "id": "391303cb-3cf2-4558-b6e3-e06de51f95c6",
    "data": [
      {
        "text": "the credit score is ",
        "userDefined": false
      },
      {
        "text": "30",
        "alias": "p_creditscore",
        "meta": "@sys.number",
        "userDefined": false
      }
    ],
    "isTemplate": false,
    "count": 0,
    "updated": 0
  },
  {
    "id": "335c7932-3278-4b04-a62e-4a7ac7a13687",
    "data": [
      {
        "text": "50",
        "alias": "p_creditscore",
        "meta": "@sys.number",
        "userDefined": false
      }
    ],
    "isTemplate": false,
    "count": 0,
    "updated": 0
  }
]