[
  {
    "id": "93946044-b287-4494-bc42-207b8d715a44",
    "data": [
      {
        "text": "See you!",
        "userDefined": false
      }
    ],
    "isTemplate": false,
    "count": 0,
    "updated": 0
  },
  {
    "id": "30b00e66-82b8-4046-9b09-d73548caf193",
    "data": [
      {
        "text": "Bye",
        "userDefined": false
      }
    ],
    "isTemplate": false,
    "count": 0,
    "updated": 0
  },
  {
    "id": "ccc124f8-54dd-47da-8c56-4a0188f8ccff",
    "data": [
      {
        "text": "Thank you",
        "userDefined": false
      }
    ],
    "isTemplate": false,
    "count": 0,
    "updated": 0
  },
  {
    "id": "5132a76b-c60e-49a2-92bb-34f0e8ac48d4",
    "data": [
      {
        "text": "Thanks",
        "userDefined": false
      }
    ],
    "isTemplate": false,
    "count": 0,
    "updated": 0
  }
]