[
  {
    "id": "91e36465-afb9-4931-ad43-2cd72d4e0644",
    "data": [
      {
        "text": "Can you help me?",
        "userDefined": false
      }
    ],
    "isTemplate": false,
    "count": 0,
    "updated": 0
  },
  {
    "id": "e5165b70-d743-4db5-ae28-337b614fe03b",
    "data": [
      {
        "text": "I am not sure",
        "userDefined": false
      }
    ],
    "isTemplate": false,
    "count": 0,
    "updated": 0
  },
  {
    "id": "d58842ea-2841-4f62-bef0-a729ae351d38",
    "data": [
      {
        "text": "I don\u0027t know. Help!",
        "userDefined": false
      }
    ],
    "isTemplate": false,
    "count": 0,
    "updated": 0
  },
  {
    "id": "4bb4fa45-92c0-472c-9d54-c76b841c4f10",
    "data": [
      {
        "text": "Help",
        "userDefined": false
      }
    ],
    "isTemplate": false,
    "count": 0,
    "updated": 0
  },
  {
    "id": "69ccaee3-54ab-42c9-a378-02f9e9d0788e",
    "data": [
      {
        "text": "What are the options available?",
        "userDefined": false
      }
    ],
    "isTemplate": false,
    "count": 0,
    "updated": 0
  }
]