[
  {
    "id": "3535b1f8-8683-4e6d-b7c9-d66f044bbf2e",
    "data": [
      {
        "text": "the risk score is ",
        "userDefined": false
      },
      {
        "text": "80",
        "alias": "p_riskscore",
        "meta": "@sys.number",
        "userDefined": true
      },
      {
        "text": " and the credit score is ",
        "userDefined": false
      },
      {
        "text": "78",
        "alias": "p_creditscore",
        "meta": "@sys.number",
        "userDefined": true
      }
    ],
    "isTemplate": false,
    "count": 0,
    "updated": 0
  },
  {
    "id": "349a8f1f-f944-43fb-88b2-01d0599a815b",
    "data": [
      {
        "text": "45",
        "alias": "p_riskscore",
        "meta": "@sys.number",
        "userDefined": false
      },
      {
        "text": " and the credit score is ",
        "userDefined": false
      },
      {
        "text": "30",
        "alias": "p_creditscore",
        "meta": "@sys.number",
        "userDefined": false
      }
    ],
    "isTemplate": false,
    "count": 0,
    "updated": 0
  },
  {
    "id": "27a6dcd4-4270-4c7b-941b-e48becdc3657",
    "data": [
      {
        "text": "the risk score is ",
        "userDefined": false
      },
      {
        "text": "45",
        "alias": "p_riskscore",
        "meta": "@sys.number",
        "userDefined": true
      }
    ],
    "isTemplate": false,
    "count": 0,
    "updated": 0
  },
  {
    "id": "27677c97-ef1d-4f19-9980-49d19504b0f0",
    "data": [
      {
        "text": "35",
        "alias": "p_riskscore",
        "meta": "@sys.number",
        "userDefined": false
      }
    ],
    "isTemplate": false,
    "count": 0,
    "updated": 0
  }
]