[
  {
    "id": "2c49afdf-9e4c-4c2a-8f00-3ab5998b58ff",
    "data": [
      {
        "text": "a credit score of ",
        "userDefined": false
      },
      {
        "text": "44",
        "alias": "p_creditscore",
        "meta": "@sys.number",
        "userDefined": false
      },
      {
        "text": " and a risk score of ",
        "userDefined": false
      },
      {
        "text": "98",
        "alias": "p_riskscore",
        "meta": "@sys.number",
        "userDefined": false
      }
    ],
    "isTemplate": false,
    "count": 0,
    "updated": 0
  },
  {
    "id": "103f4fac-9fb9-416b-abd8-85d90d1b9838",
    "data": [
      {
        "text": "a credit score of ",
        "userDefined": false
      },
      {
        "text": "55",
        "alias": "p_creditscore",
        "meta": "@sys.number",
        "userDefined": false
      }
    ],
    "isTemplate": false,
    "count": 0,
    "updated": 0
  },
  {
    "id": "07df681b-03ae-43fe-887a-d23782889d42",
    "data": [
      {
        "text": "the credit score is ",
        "userDefined": false
      },
      {
        "text": "50",
        "alias": "p_creditscore",
        "meta": "@sys.number",
        "userDefined": false
      },
      {
        "text": " and the risk score is ",
        "userDefined": false
      },
      {
        "text": "34",
        "alias": "p_riskscore",
        "meta": "@sys.number",
        "userDefined": false
      }
    ],
    "isTemplate": false,
    "count": 0,
    "updated": 0
  },
  {
    "id": "87e21ebe-6023-4ee8-8296-5abe017253d4",
    "data": [
      {
        "text": "the credit score is ",
        "userDefined": false
      },
      {
        "text": "30",
        "alias": "p_creditscore",
        "meta": "@sys.number",
        "userDefined": false
      }
    ],
    "isTemplate": false,
    "count": 0,
    "updated": 0
  },
  {
    "id": "9b45cb46-c24c-4f0d-a208-fee8013b4256",
    "data": [
      {
        "text": "50",
        "alias": "p_creditscore",
        "meta": "@sys.number",
        "userDefined": false
      }
    ],
    "isTemplate": false,
    "count": 0,
    "updated": 0
  }
]