[
  {
    "id": "058f198a-8c24-4403-8185-6a8c124f16ed",
    "data": [
      {
        "text": "See you!",
        "userDefined": false
      }
    ],
    "isTemplate": false,
    "count": 0,
    "updated": 0
  },
  {
    "id": "cb3724db-8ab1-4d56-ac98-8ac243b99bad",
    "data": [
      {
        "text": "Bye",
        "userDefined": false
      }
    ],
    "isTemplate": false,
    "count": 0,
    "updated": 0
  },
  {
    "id": "6a210386-2ffd-4cf1-99f6-3df75751a9ae",
    "data": [
      {
        "text": "Thanks",
        "userDefined": false
      }
    ],
    "isTemplate": false,
    "count": 0,
    "updated": 0
  },
  {
    "id": "95ebf2c8-0f03-4463-8394-55a6dbbcd794",
    "data": [
      {
        "text": "Thank you",
        "userDefined": false
      }
    ],
    "isTemplate": false,
    "count": 0,
    "updated": 0
  }
]