[
  {
    "id": "c8b34535-73fa-4eb3-afee-29fa3b33f9ba",
    "data": [
      {
        "text": "Can you help me?",
        "userDefined": false
      }
    ],
    "isTemplate": false,
    "count": 0,
    "updated": 0
  },
  {
    "id": "5360ab38-f674-4616-85ba-29171854a485",
    "data": [
      {
        "text": "I am not sure",
        "userDefined": false
      }
    ],
    "isTemplate": false,
    "count": 0,
    "updated": 0
  },
  {
    "id": "04c429f3-6a87-4689-befa-08a71c995578",
    "data": [
      {
        "text": "I don\u0027t know. Help!",
        "userDefined": false
      }
    ],
    "isTemplate": false,
    "count": 0,
    "updated": 0
  },
  {
    "id": "4bf659c9-4a41-4aea-9bfc-f6983f73b209",
    "data": [
      {
        "text": "Help",
        "userDefined": false
      }
    ],
    "isTemplate": false,
    "count": 0,
    "updated": 0
  },
  {
    "id": "f344124a-6ebd-49bc-980a-f45b44039be1",
    "data": [
      {
        "text": "What are the options available?",
        "userDefined": false
      }
    ],
    "isTemplate": false,
    "count": 0,
    "updated": 0
  }
]