[
  {
    "id": "e1cf2350-b056-4159-a447-58dcd40bf263",
    "data": [
      {
        "text": "the risk score is ",
        "userDefined": false
      },
      {
        "text": "80",
        "alias": "p_riskscore",
        "meta": "@sys.number",
        "userDefined": true
      },
      {
        "text": " and the credit score is ",
        "userDefined": false
      },
      {
        "text": "78",
        "alias": "p_creditscore",
        "meta": "@sys.number",
        "userDefined": true
      }
    ],
    "isTemplate": false,
    "count": 0,
    "updated": 0
  },
  {
    "id": "bb4d6702-e58a-4e4f-b4ff-f26fdf21f8e1",
    "data": [
      {
        "text": "45",
        "alias": "p_riskscore",
        "meta": "@sys.number",
        "userDefined": false
      },
      {
        "text": " and the credit score is ",
        "userDefined": false
      },
      {
        "text": "30",
        "alias": "p_creditscore",
        "meta": "@sys.number",
        "userDefined": false
      }
    ],
    "isTemplate": false,
    "count": 0,
    "updated": 0
  },
  {
    "id": "40d2b431-85b0-42cc-ab58-a98b92ac7539",
    "data": [
      {
        "text": "the risk score is ",
        "userDefined": false
      },
      {
        "text": "45",
        "alias": "p_riskscore",
        "meta": "@sys.number",
        "userDefined": true
      }
    ],
    "isTemplate": false,
    "count": 0,
    "updated": 0
  },
  {
    "id": "9c492635-0862-4289-808f-d6e29143efb8",
    "data": [
      {
        "text": "35",
        "alias": "p_riskscore",
        "meta": "@sys.number",
        "userDefined": false
      }
    ],
    "isTemplate": false,
    "count": 0,
    "updated": 0
  }
]